<?xml version="1.0" encoding="UTF-8"?>
<project-private xmlns="http://www.netbeans.org/ns/project-private/1">
    <editor-bookmarks xmlns="http://www.netbeans.org/ns/editor-bookmarks/2" lastBookmarkId="0"/>
    <open-files xmlns="http://www.netbeans.org/ns/projectui-open-files/2">
        <group>
            <file>file:/C:/Users/julio/Downloads/estacio-mundo3-missao4-main/estacio-mundo3-missao4-main/missao4-mundo3/mundo3nv4/CadastroEE/CadastroEE-war/src/java/cadastroee/servlets/ServletProdutoFC.java</file>
            <file>file:/C:/Users/julio/Downloads/estacio-mundo3-missao4-main/estacio-mundo3-missao4-main/missao4-mundo3/mundo3nv4/CadastroEE/CadastroEE-war/src/java/cadastroee/servlets/ServletProduto.java</file>
        </group>
    </open-files>
</project-private>
